year,mean_temperature_c,cdd18,days_tmax_ge_35c
1991,16.86,1117.4,41
1992,15.84,1042.8,31
1993,16.72,1180.6,48
1994,17.88,1368.3,58
1995,16.88,1121.8,36
1996,17.14,1145.9,46
1997,16.35,1009.7,22
1998,17.43,1190.3,55
1999,17.70,1167.9,32
2000,17.23,1241.3,60
2001,17.84,1275.4,51
2002,16.78,983.1,22
2003,16.84,1091.4,25
2004,16.79,1065.5,30
2005,16.78,1059.1,44
2006,17.14,1230.5,54
2007,17.57,1323.9,63
2008,17.80,1334.3,75
2009,17.55,1176.2,45
2010,18.22,1178.6,45
2011,16.77,1127.8,58
2012,17.40,1270.9,55
2013,17.38,1134.4,46
2014,17.85,1151.2,52
2015,17.05,1099.7,39
2016,17.91,1287.3,65
2017,17.69,1256.8,63
2018,18.62,1336.5,47
2019,18.01,1264.8,43
2020,18.28,1415.1,86
2021,18.04,1260.6,57
2022,17.66,1243.5,52
2023,18.36,1285.1,53
2024,19.54,1586.8,81
2025,18.83,1437.9,79
